rank,channel_info,influence_score,posts,followers,avg_likes,60_day_eng_rate,new_post_avg_like,total_likes,country,likes_to_followers_ratio,engagement_score,activity_level,follower_tier,engagement_level,post_per_million_followers,influence_per_post,country_rank
1,cristiano,92,3300.0,475800000.0,8700000.0,1.39,6500000.0,29000000000.0,Spain,0.01828499369482976,127.88,Medium,Mega (100M+),Medium,6.935687263556115,0.027878787878787878,1.0
2,kyliejenner,91,6900.0,366200000.0,8300000.000000001,1.62,5900000.0,57400000000.0,United States,0.02266521026761333,147.42000000000002,High,Mega (100M+),Medium,18.842162752594213,0.01318840579710145,1.0
3,leomessi,90,890.0,357300000.0,6800000.0,1.24,4400000.0,6000000000.0,Not Provided,0.01903162608452281,111.6,Low,Mega (100M+),Medium,2.4909040022390148,0.10112359550561797,1.0
4,selenagomez,93,1800.0,342700000.0,6200000.0,0.97,3300000.0,11500000000.0,United States,0.01809162532827546,90.21,Medium,Mega (100M+),Low,5.252407353370295,0.051666666666666666,2.0
5,therock,91,6800.0,334100000.0,1900000.0,0.2,665300.0,12500000000.0,United States,0.005686920083807243,18.2,High,Mega (100M+),Low,20.353187668362768,0.01338235294117647,3.0
6,kimkardashian,91,5600.0,329200000.0,3500000.0,0.88,2900000.0,19900000000.0,United States,0.0106318347509113,80.08,High,Mega (100M+),Low,17.01093560145808,0.01625,4.0
7,arianagrande,92,5000.0,327700000.0,3700000.0,1.2,3900000.0,18400000000.0,United States,0.011290814769606347,110.39999999999999,High,Mega (100M+),Medium,15.257857796765334,0.0184,5.0
8,beyonce,92,2000.0,272800000.0,3600000.0,0.76,2000000.0,7400000000.0,United States,0.013196480938416423,69.92,Medium,Mega (100M+),Low,7.331378299120234,0.046,6.0
9,khloekardashian,89,4100.0,268300000.0,2400000.0,0.35,926900.0,9800000000.0,United States,0.008945210585165859,31.15,High,Mega (100M+),Low,15.28140141632501,0.02170731707317073,7.0
10,justinbieber,91,7400.0,254500000.0,1900000.0,0.59,1500000.0,13900000000.0,Canada,0.007465618860510805,53.69,High,Mega (100M+),Low,29.076620825147348,0.012297297297297297,1.0
11,kendalljenner,90,660.0,254000000.0,5500000.0,2.04,5100000.0,3700000000.0,United States,0.021653543307086614,183.6,Low,Mega (100M+),Medium,2.598425196850394,0.13636363636363635,8.0
12,natgeo,91,10000.0,237000000.0,302200.0,0.07,159300.0,3000000000.0,United States,0.0012751054852320675,6.370000000000001,High,Mega (100M+),Low,42.19409282700422,0.0091,9.0
13,nike,90,950.0,234100000.0,329000.0,0.08,181800.0,313600000.0,United States,0.0014053823152498932,7.2,Low,Mega (100M+),Low,4.058094831268689,0.09473684210526316,10.0
14,taylorswift,91,530.0,222200000.0,2400000.0,1.01,2300000.0,1300000000.0,United States,0.010801080108010801,91.91,Low,Mega (100M+),Medium,2.385238523852385,0.17169811320754716,11.0
15,jlo,89,3200.0,220400000.0,1700000.0,0.62,1400000.0,5300000000.0,United States,0.007713248638838476,55.18,Medium,Mega (100M+),Low,14.519056261343012,0.0278125,12.0
16,virat.kohli,87,1400.0,211800000.0,3500000.0,0.96,2000000.0,4900000000.0,Not Provided,0.016525023607176583,83.52,Medium,Mega (100M+),Low,6.610009442870632,0.062142857142857146,2.0
17,nickiminaj,90,6400.0,201600000.0,2100000.0,0.53,1000000.0,13500000000.0,United States,0.010416666666666666,47.7,High,Mega (100M+),Low,31.746031746031743,0.0140625,13.0
18,kourtneykardash,89,4400.0,195200000.0,1800000.0,0.67,1300000.0,7700000000.0,United States,0.009221311475409836,59.63,High,Mega (100M+),Low,22.540983606557376,0.020227272727272726,14.0
19,mileycyrus,89,1200.0,181500000.0,1300000.0,0.51,913600.0,1600000000.0,Not Provided,0.007162534435261708,45.39,Low,Mega (100M+),Low,6.611570247933884,0.07416666666666667,3.0
20,neymarjr,90,5300.0,177100000.0,2700000.0,1.09,1900000.0,14100000000.0,Brazil,0.015245623941276116,98.10000000000001,High,Mega (100M+),Medium,29.92659514398645,0.016981132075471698,1.0
21,katyperry,92,2000.0,170300000.0,715000.0,0.16,265100.0,1500000000.0,Not Provided,0.004198473282442748,14.72,Medium,Mega (100M+),Low,11.743981209630064,0.046,4.0
22,kevinhart4real,88,8200.0,152000000.0,522000.0,0.08,115200.0,4300000000.0,United States,0.0034342105263157896,7.04,High,Mega (100M+),Low,53.94736842105264,0.010731707317073172,15.0
23,zendaya,87,3500.0,150700000.0,5800000.0,3.17,4800000.0,20600000000.0,United States,0.038487060384870604,275.79,Medium,Mega (100M+),High,23.224950232249505,0.024857142857142855,16.0
24,iamcardib,75,1600.0,140500000.0,3100000.0,1.1,1500000.0,5000000000.0,United States,0.02206405693950178,82.5,Medium,Mega (100M+),Medium,11.387900355871885,0.046875,17.0
25,ddlovato,88,80.0,139100000.0,1100000.0,0.27,363400.0,91300000.0,United States,0.007907979870596693,23.76,Low,Mega (100M+),Low,0.5751258087706687,1.1,18.0
26,badgalriri,88,4800.0,135300000.0,3700000.0,0.02,0.0,17900000000.0,United States,0.027346637102734665,1.76,High,Mega (100M+),Low,35.47671840354767,0.018333333333333333,19.0
27,kingjames,86,2300.0,130900000.0,2100000.0,0.92,1200000.0,4900000000.0,Not Provided,0.016042780748663103,79.12,Medium,Mega (100M+),Low,17.57066462948816,0.03739130434782609,5.0
28,theellenshow,87,10000.0,125100000.0,420500.0,0.07,81700.0,4200000000.0,United States,0.0033613109512390087,6.090000000000001,High,Mega (100M+),Low,79.93605115907275,0.0087,20.0
29,realmadrid,90,6900.0,123400000.0,996200.0,0.48,588300.0,6800000000.0,Spain,0.00807293354943274,43.199999999999996,High,Mega (100M+),Low,55.91572123176661,0.013043478260869565,2.0
30,champagnepapi,85,5200.0,119600000.0,1700000.0,1.1,1300000.0,9000000000.0,Netherlands,0.014214046822742474,93.50000000000001,High,Mega (100M+),Medium,43.47826086956522,0.016346153846153847,1.0
31,chrisbrownofficial,86,7300.0,118500000.0,463200.0,0.22,255900.0,3400000000.0,United States,0.003908860759493671,18.92,High,Mega (100M+),Low,61.60337552742616,0.011780821917808219,21.0
32,fcbarcelona,90,10000.0,111400000.0,1200000.0,0.64,706300.0,11600000000.0,Not Provided,0.010771992818671455,57.6,High,Mega (100M+),Low,89.76660682226212,0.009,6.0
33,billieeilish,73,690.0,105200000.0,8500000.0,5.02,5200000.0,5900000000.0,Not Provided,0.08079847908745247,366.46,Low,Mega (100M+),High,6.55893536121673,0.10579710144927536,7.0
34,dualipa,74,1300.0,85900000.0,2100000.0,1.26,1100000.0,2600000000.0,United Kingdom,0.024447031431897557,93.24,Medium,Macro (10M - 100M),Medium,15.133876600698487,0.05692307692307692,1.0
35,gal_gadot,85,1700.0,85600000.0,1400000.0,0.69,586500.0,2300000000.0,United States,0.016355140186915886,58.65,Medium,Macro (10M - 100M),Low,19.859813084112147,0.05,22.0
36,vindiesel,88,1800.0,82300000.0,1400000.0,0.6,482300.0,2500000000.0,United States,0.01701093560145808,52.8,Medium,Macro (10M - 100M),Low,21.87120291616039,0.04888888888888889,23.0
37,nasa,88,3600.0,81300000.0,1200000.0,1.53,1200000.0,4200000000.0,United States,0.014760147601476014,134.64000000000001,Medium,Macro (10M - 100M),Medium,44.28044280442804,0.024444444444444446,24.0
38,priyankachopra,85,3600.0,81100000.0,1600000.0,1.0,802900.0,5600000000.0,United States,0.01972872996300863,85.0,Medium,Macro (10M - 100M),Medium,44.389642416769426,0.02361111111111111,25.0
39,lalalalisa_m,70,870.0,80900000.0,5800000.0,9.0,7200000.0,5100000000.0,Not Provided,0.07169344870210136,630.0,Low,Macro (10M - 100M),High,10.754017305315204,0.08045977011494253,8.0
40,Shakira,88,2000.0,76100000.0,975100.0,0.41,304700.0,1900000000.0,Not Provided,0.012813403416557161,36.08,Medium,Macro (10M - 100M),Low,26.281208935611037,0.044,9.0
41,snoopdogg,86,10000.0,75300000.0,203700.0,0.17,125800.0,2000000000.0,Not Provided,0.0027051792828685257,14.620000000000001,High,Macro (10M - 100M),Low,132.80212483399734,0.0086,10.0
42,gigihadid,85,3300.0,75300000.0,2500000.0,2.56,1900000.0,8199999999.999999,United States,0.033200531208499334,217.6,Medium,Macro (10M - 100M),Medium,43.82470119521912,0.025757575757575757,26.0
43,davidbeckham,86,1500.0,74900000.0,1200000.0,0.46,340900.0,1900000000.0,United States,0.01602136181575434,39.56,Medium,Macro (10M - 100M),Low,20.026702269692922,0.05733333333333333,27.0
44,shraddhakapoor,81,1900.0,73900000.0,1600000.0,1.17,859900.0,3000000000.0,Not Provided,0.02165087956698241,94.77,Medium,Macro (10M - 100M),Medium,25.710419485791608,0.04263157894736842,11.0
45,victoriassecret,88,2900.0,73200000.0,147000.0,0.04,29800.0,423500000.0,United States,0.0020081967213114752,3.52,Medium,Macro (10M - 100M),Low,39.61748633879782,0.030344827586206897,28.0
46,k.mbappe,86,1200.0,72700000.0,2500000.0,2.16,1600000.0,2800000000.0,Not Provided,0.0343878954607978,185.76000000000002,Low,Macro (10M - 100M),Medium,16.506189821182943,0.07166666666666667,12.0
47,nehakakkar,84,2300.0,70400000.0,1500000.0,0.54,370100.0,3500000000.0,India,0.02130681818181818,45.36,Medium,Macro (10M - 100M),Low,32.67045454545454,0.036521739130434785,1.0
48,nba,87,12900.0,70100000.0,370800.0,0.28,196900.0,4800000000.0,United States,0.005289586305278174,24.360000000000003,High,Macro (10M - 100M),Low,184.02282453637662,0.006744186046511628,29.0
49,shawnmendes,83,2500.0,69900000.0,3500000.0,2.87,2000000.0,8800000000.0,Canada,0.05007153075822604,238.21,Medium,Macro (10M - 100M),Medium,35.765379113018604,0.0332,2.0
50,jennierubyjane,76,860.0,68900000.0,5100000.0,8.36,5700000.0,4400000000.0,Not Provided,0.07402031930333818,635.3599999999999,Low,Macro (10M - 100M),High,12.481857764876633,0.08837209302325581,13.0
51,narendramodi,85,540.0,68900000.0,2900000.0,3.01,2000000.0,1600000000.0,India,0.0420899854862119,255.85,Low,Macro (10M - 100M),High,7.83744557329463,0.1574074074074074,2.0
52,aliaabhatt,82,1800.0,68700000.0,1800000.0,3.14,2100000.0,3300000000.0,India,0.026200873362445413,257.48,Medium,Macro (10M - 100M),High,26.200873362445417,0.04555555555555556,3.0
53,deepikapadukone,83,260.0,68400000.0,1600000.0,2.23,1500000.0,419000000.0,India,0.023391812865497075,185.09,Low,Macro (10M - 100M),Medium,3.8011695906432745,0.3192307692307692,4.0
54,tomholland2013,77,1200.0,67700000.0,5400000.0,10.83,7300000.0,6600000000.0,Not Provided,0.07976366322008863,833.91,Low,Macro (10M - 100M),High,17.725258493353028,0.06416666666666666,14.0
55,ronaldinho,78,2900.0,67700000.0,872900.0,0.49,325700.0,2600000000.0,Brazil,0.012893648449039882,38.22,Medium,Macro (10M - 100M),Low,42.836041358936484,0.02689655172413793,2.0
56,emmawatson,87,340.0,67300000.0,1900000.0,0.01,0.0,639000000.0,United States,0.02823179791976226,0.87,Low,Macro (10M - 100M),Low,5.052005943536404,0.25588235294117645,30.0
57,bts.bighitofficial,78,1200.0,66900000.00000001,4099999.9999999995,5.4,3600000.0,4900000000.0,Uruguay,0.06128550074738414,421.20000000000005,Low,Macro (10M - 100M),High,17.937219730941703,0.065,1.0
58,katrinakaif,85,1000.0,66300000.0,1700000.0,2.25,1500000.0,1700000000.0,India,0.02564102564102564,191.25,Low,Macro (10M - 100M),Medium,15.082956259426847,0.085,5.0
59,marvel,82,7000.0,66200000.0,332300.0,0.51,339000.0,2300000000.0,Turkey,0.0050196374622356495,41.82,High,Macro (10M - 100M),Low,105.74018126888218,0.011714285714285714,1.0
60,justintimberlake,87,780.0,65900000.00000001,600400.0,0.3,189400.0,470700000.0,United States,0.009110773899848254,26.099999999999998,Low,Macro (10M - 100M),Low,11.836115326251894,0.11153846153846154,31.0
61,camila_cabello,77,2900.0,65000000.0,1900000.0,2.19,1400000.0,5400000000.0,United States,0.02923076923076923,168.63,Medium,Macro (10M - 100M),Medium,44.61538461538462,0.026551724137931033,32.0
62,willsmith,82,1400.0,63900000.0,1400000.0,0.02,0.0,1900000000.0,United States,0.02190923317683881,1.6400000000000001,Medium,Macro (10M - 100M),Low,21.90923317683881,0.05857142857142857,33.0
63,raffinagita1717,83,17500.0,63500000.0,386900.0,0.58,366600.0,6800000000.0,Indonesia,0.006092913385826772,48.13999999999999,High,Macro (10M - 100M),Low,275.59055118110234,0.004742857142857143,1.0
64,anitta,82,5100.0,63100000.0,855500.0,0.69,426200.0,4400000000.0,United States,0.013557844690966719,56.58,High,Macro (10M - 100M),Low,80.82408874801902,0.01607843137254902,34.0
65,sooyaaa__,82,830.0,62900000.0,4500000.0,9.43,5900000.0,3800000000.0,Not Provided,0.07154213036565978,773.26,Low,Macro (10M - 100M),High,13.195548489666137,0.09879518072289156,15.0
66,maluma,84,8200.0,62800000.0,1200000.0,1.12,696300.0,9800000000.0,Colombia,0.01910828025477707,94.08000000000001,High,Macro (10M - 100M),Medium,130.57324840764332,0.01024390243902439,1.0
67,akshaykumar,85,1900.0,62800000.0,1500000.0,1.01,624900.0,2900000000.0,Not Provided,0.02388535031847134,85.85,Medium,Macro (10M - 100M),Medium,30.254777070063692,0.04473684210526316,16.0
68,jacquelinef143,85,2400.0,62700000.0,1100000.0,1.15,718800.0,2800000000.0,India,0.017543859649122806,97.74999999999999,Medium,Macro (10M - 100M),Medium,38.27751196172249,0.035416666666666666,6.0
69,psg,86,10000.0,61900000.0,500500.0,0.52,322200.0,5000000000.0,France,0.00808562197092084,44.72,High,Macro (10M - 100M),Low,161.55088852988692,0.0086,1.0
70,roses_are_rosie,82,820.0,61800000.0,4600000.0,9.72,6000000.0,3800000000.0,Not Provided,0.0744336569579288,797.0400000000001,Low,Macro (10M - 100M),High,13.268608414239482,0.1,17.0
71,manchesterunited,85,9900.0,59600000.0,381800.0,0.41,241600.0,3800000000.0,United Kingdom,0.006406040268456376,34.85,High,Macro (10M - 100M),Low,166.10738255033556,0.008585858585858586,2.0
72,anushkasharma,85,1200.0,59500000.0,1900000.0,2.34,1400000.0,2200000000.0,Not Provided,0.031932773109243695,198.89999999999998,Low,Macro (10M - 100M),Medium,20.168067226890756,0.07083333333333333,18.0
73,whinderssonnunes,79,2700.0,58700000.0,1600000.0,0.58,323100.0,4400000000.0,Brazil,0.027257240204429302,45.82,Medium,Macro (10M - 100M),Low,45.996592844974444,0.02925925925925926,3.0
74,9gag,86,10000.0,58100000.0,672600.0,0.44,248600.0,6700000000.0,United States,0.01157659208261618,37.84,High,Macro (10M - 100M),Low,172.1170395869191,0.0086,35.0
75,marcelotwelve,86,2700.0,58100000.0,690900.0,0.78,448300.0,1900000000.0,Brazil,0.01189156626506024,67.08,Medium,Macro (10M - 100M),Low,46.47160068846816,0.03185185185185185,4.0
76,milliebobbybrown,80,280.0,57600000.0,4000000.0,8.63,5000000.0,1100000000.0,United States,0.06944444444444445,690.4000000000001,Low,Macro (10M - 100M),High,4.861111111111112,0.2857142857142857,36.0
77,karimbenzema,42,2000.0,56900000.0,878500.0,1.62,918900.0,1800000000.0,Spain,0.015439367311072056,68.04,Medium,Macro (10M - 100M),Medium,35.1493848857645,0.021,3.0
78,chrishemsworth,86,880.0,55900000.0,2800000.0,3.69,2100000.0,2500000000.0,Australia,0.05008944543828265,317.34,Low,Macro (10M - 100M),High,15.742397137745973,0.09772727272727273,1.0
79,karolg,83,3300.0,55600000.0,3100000.0,10.25,5700000.0,10100000000.0,India,0.05575539568345324,850.75,Medium,Macro (10M - 100M),High,59.35251798561151,0.02515151515151515,7.0
80,paulpogba,80,1300.0,55200000.0,1400000.0,0.85,462600.0,1800000000.0,France,0.025362318840579712,68.0,Medium,Macro (10M - 100M),Low,23.55072463768116,0.06153846153846154,2.0
81,iamzlatanibrahimovic,86,870.0,55100000.0,1500000.0,1.53,837100.0,1300000000.0,Not Provided,0.02722323049001815,131.58,Low,Macro (10M - 100M),Medium,15.789473684210526,0.09885057471264368,19.0
82,leonardodicaprio,86,1700.0,54600000.0,395500.0,0.2,107600.0,669300000.0,Not Provided,0.0072435897435897435,17.2,Medium,Macro (10M - 100M),Low,31.13553113553114,0.05058823529411765,20.0
83,juventus,87,10000.0,54500000.0,194800.0,0.25,135500.0,1900000000.0,Not Provided,0.0035743119266055047,21.75,High,Macro (10M - 100M),Low,183.4862385321101,0.0087,21.0
84,zacefron,86,660.0,54500000.0,2300000.0,8.18,4400000.0,1500000000.0,United States,0.04220183486238532,703.48,Low,Macro (10M - 100M),High,12.110091743119265,0.1303030303030303,37.0
85,bellahadid,79,3200.0,54100000.0,1100000.0,2.06,1100000.0,3600000000.0,United Kingdom,0.02033271719038817,162.74,Medium,Macro (10M - 100M),Medium,59.14972273567468,0.0246875,3.0
86,tatawerneck,86,5600.0,53900000.0,959800.0,0.51,266500.0,5400000000.0,Brazil,0.017807050092764377,43.86,High,Macro (10M - 100M),Low,103.8961038961039,0.015357142857142857,5.0
87,beingsalmankhan,76,1200.0,53500000.0,1400000.0,1.33,693900.0,1600000000.0,India,0.026168224299065422,101.08000000000001,Low,Macro (10M - 100M),Medium,22.429906542056074,0.06333333333333334,8.0
88,robertdowneyjr,86,420.0,53400000.0,3000000.0,2.05,1100000.0,1300000000.0,United States,0.056179775280898875,176.29999999999998,Low,Macro (10M - 100M),Medium,7.865168539325843,0.20476190476190476,38.0
89,sunnyleone,84,4600.0,53400000.0,764000.0,0.57,301300.0,3500000000.0,Not Provided,0.014307116104868914,47.879999999999995,High,Macro (10M - 100M),Low,86.14232209737827,0.018260869565217393,22.0
90,ladygaga,83,3600.0,53200000.0,1400000.0,1.02,531600.0,5100000000.0,United States,0.02631578947368421,84.66,Medium,Macro (10M - 100M),Medium,67.66917293233082,0.023055555555555555,39.0
91,dishapatani,74,2100.0,53000000.0,1600000.0,1.85,971700.0,3400000000.0,United States,0.03018867924528302,136.9,Medium,Macro (10M - 100M),Medium,39.62264150943396,0.035238095238095235,40.0
92,sergioramos,87,2200.0,52800000.0,1100000.0,1.06,557900.0,2500000000.0,Not Provided,0.020833333333333332,92.22,Medium,Macro (10M - 100M),Medium,41.666666666666664,0.03954545454545454,23.0
93,jbalvin,87,10000.0,52800000.0,878000.0,0.66,340500.0,8800000000.0,Not Provided,0.01662878787878788,57.42,High,Macro (10M - 100M),Low,189.3939393939394,0.0087,23.0
94,mosalah,22,840.0,52500000.0,1800000.0,2.18,1100000.0,1500000000.0,Not Provided,0.03428571428571429,47.96,Low,Macro (10M - 100M),Medium,16.0,0.02619047619047619,24.0
95,ayutingting92,85,10000.0,52400000.0,147300.0,0.11,56300.0,1500000000.0,Indonesia,0.0028110687022900763,9.35,High,Macro (10M - 100M),Low,190.83969465648855,0.0085,2.0
96,433,79,10300.0,51200000.0,863200.0,1.52,774200.0,8900000000.0,Netherlands,0.016859375,120.08,High,Macro (10M - 100M),Medium,201.171875,0.007669902912621359,2.0
97,hudabeauty,82,2400.0,50800000.0,186400.0,0.04,16800.0,453600000.0,United States,0.003669291338582677,3.2800000000000002,Medium,Macro (10M - 100M),Low,47.24409448818898,0.034166666666666665,41.0
98,adele,84,420.0,50700000.0,4700000.0,3.82,1900000.0,2000000000.0,United States,0.09270216962524655,320.88,Low,Macro (10M - 100M),High,8.284023668639055,0.2,42.0
99,michelleobama,85,600.0,50700000.0,700500.0,1.22,611200.0,421700000.0,Not Provided,0.013816568047337278,103.7,Low,Macro (10M - 100M),Medium,11.834319526627219,0.14166666666666666,25.0
100,kritisanon,76,2700.0,50200000.0,897200.0,1.21,604400.0,2400000000.0,India,0.017872509960159363,91.96,Medium,Macro (10M - 100M),Medium,53.78486055776892,0.028148148148148148,9.0
101,jamesrodriguez10,86,1100.0,49900000.0,1400000.0,0.75,363900.0,1500000000.0,Colombia,0.028056112224448898,64.5,Low,Macro (10M - 100M),Low,22.044088176352705,0.07818181818181819,2.0
102,krisjenner,80,6400.0,49700000.0,356800.0,0.91,452900.0,2300000000.0,United States,0.007179074446680081,72.8,High,Macro (10M - 100M),Low,128.77263581488933,0.0125,43.0
103,thv,83,60.0,49300000.0,15400000.0,25.8,12600000.0,987400000.0,Not Provided,0.31237322515212984,2141.4,Low,Macro (10M - 100M),High,1.2170385395537526,1.3833333333333333,26.0
104,lelepons,81,2500.0,49200000.0,2400000.0,3.55,1700000.0,6100000000.0,United States,0.04878048780487805,287.55,Medium,Macro (10M - 100M),High,50.8130081300813,0.0324,44.0
105,charlidamelio,80,150.0,49100000.0,4200000.0,3.28,1600000.0,654400000.0,Not Provided,0.0855397148676171,262.4,Low,Macro (10M - 100M),High,3.054989816700611,0.5333333333333333,27.0
106,gucci,86,8900.0,49000000.0,115100.0,0.15,72400.0,1000000000.0,Italy,0.0023489795918367347,12.9,High,Macro (10M - 100M),Low,181.6326530612245,0.009662921348314606,1.0
107,prillylatuconsina96,84,6500.0,48900000.0,372400.0,0.27,131800.0,2400000000.0,Indonesia,0.007615541922290388,22.68,High,Macro (10M - 100M),Low,132.9243353783231,0.012923076923076923,3.0
108,louisvuitton,82,6500.0,48700000.0,127500.0,0.08,40500.0,824000000.0,France,0.002618069815195072,6.5600000000000005,High,Macro (10M - 100M),Low,133.47022587268995,0.012615384615384615,3.0
109,paulodybala,85,1300.0,48300000.0,1800000.0,2.88,1400000.0,2300000000.0,Not Provided,0.037267080745341616,244.79999999999998,Medium,Macro (10M - 100M),Medium,26.91511387163561,0.06538461538461539,28.0
110,blackpinkofficial,85,1400.0,48200000.0,2100000.0,2.77,1300000.0,3000000000.0,Not Provided,0.043568464730290454,235.45,Medium,Macro (10M - 100M),Medium,29.04564315352697,0.060714285714285714,29.0
111,dovecameron,85,170.0,48200000.0,1600000.0,1.75,841400.0,283000000.0,United States,0.03319502074688797,148.75,Low,Macro (10M - 100M),Medium,3.526970954356847,0.5,45.0
112,garethbale11,86,980.0,48100000.0,763000.0,1.43,681300.0,753100000.0,Not Provided,0.015862785862785864,122.97999999999999,Low,Macro (10M - 100M),Medium,20.37422037422037,0.08775510204081632,30.0
113,jokowi,85,3500.0,47700000.0,452600.0,0.41,189600.0,1600000000.0,Not Provided,0.009488469601677148,34.85,Medium,Macro (10M - 100M),Low,73.37526205450733,0.024285714285714285,31.0
114,nusr_et,81,2300.0,47300000.0,728200.0,0.29,133000.0,1700000000.0,United Arab Emirates,0.015395348837209302,23.49,Medium,Macro (10M - 100M),Low,48.62579281183932,0.035217391304347825,1.0
115,harrystyles,57,590.0,46900000.0,4700000.0,6.38,2900000.0,2800000000.0,United States,0.10021321961620469,363.65999999999997,Low,Macro (10M - 100M),High,12.57995735607676,0.09661016949152543,46.0
116,haileybieber,85,2100.0,46900000.0,2000000.0,3.47,1600000.0,4200000000.0,Not Provided,0.042643923240938165,294.95,Medium,Macro (10M - 100M),High,44.77611940298508,0.04047619047619048,32.0
117,vanessahudgens,84,4200.0,46800000.0,633900.0,0.63,292900.0,2700000000.0,United States,0.013544871794871795,52.92,High,Macro (10M - 100M),Low,89.74358974358975,0.02,47.0
118,5-Minute Crafts GIRLY,85,10000.0,46500000.0,157000.0,0.03,12400.0,1600000000.0,United States,0.0033763440860215053,2.55,High,Macro (10M - 100M),Low,215.05376344086022,0.0085,48.0
119,zayn,82,160.0,46500000.0,4700000.0,8.81,4000000.0,773500000.0,United States,0.1010752688172043,722.4200000000001,Low,Macro (10M - 100M),High,3.4408602150537635,0.5125,48.0
120,larissamanoela,85,5200.0,46500000.0,579600.0,0.57,259399.99999999997,3000000000.0,Brazil,0.012464516129032257,48.449999999999996,High,Macro (10M - 100M),Low,111.82795698924731,0.016346153846153847,6.0
121,travisscott,78,3200.0,46200000.0,3000000.0,5.71,2600000.0,9600000000.0,United States,0.06493506493506493,445.38,Medium,Macro (10M - 100M),High,69.26406926406926,0.024375,49.0
122,thenotoriousmma,82,3200.0,45900000.0,1100000.0,0.69,311500.0,3500000000.0,United States,0.023965141612200435,56.58,Medium,Macro (10M - 100M),Low,69.71677559912854,0.025625,50.0
123,daddyyankee,80,20.0,45900000.0,652500.0,1.0,455300.0,18300000.0,Puerto Rico,0.014215686274509804,80.0,Low,Macro (10M - 100M),Medium,0.4357298474945534,4.0,1.0
124,natgeotravel,82,16900.0,45800000.0,189900.0,0.12,52800.0,3200000000.0,United States,0.004146288209606987,9.84,High,Macro (10M - 100M),Low,368.99563318777297,0.0048520710059171595,51.0
125,nikefootball,85,1800.0,45400000.0,431200.0,0.44,199800.0,784000000.0,United States,0.009497797356828194,37.4,Medium,Macro (10M - 100M),Low,39.647577092511014,0.04722222222222222,52.0
126,stephencurry30,84,1100.0,45400000.0,1100000.0,2.76,1200000.0,1200000000.0,Not Provided,0.024229074889867842,231.83999999999997,Low,Macro (10M - 100M),Medium,24.229074889867842,0.07636363636363637,33.0
127,vancityreynolds,86,680.0,44800000.0,1400000.0,2.61,1200000.0,925700000.0,Not Provided,0.03125,224.45999999999998,Low,Macro (10M - 100M),Medium,15.178571428571429,0.1264705882352941,34.0
128,maisa,42,1500.0,44500000.0,553000.0,0.67,294100.0,820100000.0,Brazil,0.012426966292134831,28.14,Medium,Macro (10M - 100M),Low,33.70786516853932,0.028,7.0
129,luissuarez9,85,970.0,44200000.0,801800.0,0.96,414800.0,782500000.0,Not Provided,0.018140271493212668,81.6,Low,Macro (10M - 100M),Low,21.945701357466064,0.08762886597938144,35.0
130,gusttavolima,76,4900.0,43900000.0,475100.0,0.71,303900.0,2300000000.0,Brazil,0.010822323462414579,53.959999999999994,High,Macro (10M - 100M),Low,111.61731207289294,0.015510204081632653,8.0
131,jannatzubair29,84,1600.0,43800000.0,1300000.0,2.18,944300.0,2200000000.0,Not Provided,0.02968036529680365,183.12,Medium,Macro (10M - 100M),Medium,36.529680365296805,0.0525,36.0
132,varundvn,84,1900.0,43800000.0,1100000.0,1.48,640500.0,2000000000.0,India,0.02511415525114155,124.32,Medium,Macro (10M - 100M),Medium,43.37899543378995,0.04421052631578947,10.0
133,hrithikroshan,85,580.0,43700000.0,1600000.0,3.82,1600000.0,949900000.0,CÃ´te d'Ivoire,0.036613272311212815,324.7,Low,Macro (10M - 100M),High,13.272311212814644,0.14655172413793102,1.0
134,nickyjampr,81,10000.0,43400000.0,381600.0,0.33,139300.0,3800000000.0,Colombia,0.0087926267281106,26.73,High,Macro (10M - 100M),Low,230.4147465437788,0.0081,3.0
135,buzzfeedtasty,85,8900.0,43200000.0,65099.99999999999,0.02,7700.0,580700000.0,Spain,0.0015069444444444442,1.7,High,Macro (10M - 100M),Low,206.0185185185185,0.009550561797752809,4.0
136,brunamarquezine,84,3000.0,43100000.0,969700.0,1.05,444200.0,2900000000.0,United States,0.022498839907192574,88.2,Medium,Macro (10M - 100M),Medium,69.60556844547564,0.028,53.0
137,caradelevingne,86,4400.0,42900000.0,790200.0,0.43,181000.0,3500000000.0,United States,0.01841958041958042,36.98,High,Macro (10M - 100M),Low,102.56410256410255,0.019545454545454546,54.0
138,kapilsharma,83,950.0,42200000.0,736400.0,1.49,624500.0,710700000.0,Not Provided,0.017450236966824646,123.67,Low,Macro (10M - 100M),Medium,22.511848341232227,0.08736842105263158,37.0
139,badbunnypr,83,10.0,42100000.0,3700000.0,13.09,5400000.0,67500000.0,Not Provided,0.08788598574821853,1086.47,Low,Macro (10M - 100M),High,0.2375296912114014,8.3,38.0
140,britneyspears,80,3000.0,42100000.0,513100.0,0.55,221700.0,1600000000.0,Turkey,0.012187648456057007,44.0,Medium,Macro (10M - 100M),Low,71.25890736342043,0.02666666666666667,2.0
141,j.m,83,20.0,41900000.0,14200000.0,26.41,11000000.0,368100000.0,Not Provided,0.33890214797136037,2192.03,Low,Macro (10M - 100M),High,0.47732696897374705,4.15,39.0
142,mariliamendoncacantora,73,1400.0,41800000.0,1000000.0,1.98,818600.0,1500000000.0,Brazil,0.023923444976076555,144.54,Medium,Macro (10M - 100M),Medium,33.49282296650718,0.052142857142857144,9.0
143,norafatehi,83,1700.0,41600000.0,1400000.0,1.76,727500.0,2300000000.0,Anguilla,0.03365384615384615,146.08,Medium,Macro (10M - 100M),Medium,40.86538461538461,0.0488235294117647,1.0
144,theweeknd,83,670.0,41500000.0,1100000.0,3.97,1600000.0,767000000.0,Not Provided,0.02650602409638554,329.51,Low,Macro (10M - 100M),High,16.144578313253014,0.12388059701492538,40.0
145,dior,85,9700.0,41500000.0,88800.0,0.16,63600.0,863000000.0,Not Provided,0.0021397590361445784,13.6,High,Macro (10M - 100M),Low,233.73493975903614,0.008762886597938144,40.0
146,ranveersingh,85,1800.0,40800000.0,1000000.0,0.76,299300.0,1800000000.0,Switzerland,0.024509803921568627,64.6,Medium,Macro (10M - 100M),Low,44.11764705882353,0.04722222222222222,1.0
147,marinaruybarbosa,81,2100.0,40700000.0,586400.0,0.01,0.0,1200000000.0,Brazil,0.014407862407862407,0.81,Medium,Macro (10M - 100M),Low,51.597051597051596,0.03857142857142857,10.0
148,jenniferaniston,85,90.0,40700000.0,4600000.0,1.88,731000.0,452000000.0,Not Provided,0.11302211302211303,159.79999999999998,Low,Macro (10M - 100M),Medium,2.211302211302211,0.9444444444444444,41.0
149,addisonraee,85,300.0,40100000.0,3100000.0,2.49,994400.0,957900000.0,Not Provided,0.0773067331670823,211.65,Low,Macro (10M - 100M),Medium,7.4812967581047385,0.2833333333333333,42.0
150,andresiniesta8,85,2000.0,40000000.0,250800.0,0.41,161700.0,500500000.0,Spain,0.00627,34.85,Medium,Macro (10M - 100M),Low,50.0,0.0425,5.0
151,princessyahrini,81,4500.0,40000000.0,118300.0,0.22,87400.0,529900000.0,Indonesia,0.0029575,17.82,High,Macro (10M - 100M),Low,112.5,0.018,4.0
152,liverpoolfc,75,10000.0,39900000.0,346700.0,0.42,162900.0,3500000000.0,United Kingdom,0.008689223057644111,31.5,High,Macro (10M - 100M),Low,250.6265664160401,0.0075,4.0
153,teddysphotos,80,2300.0,39900000.0,715500.0,0.46,181100.0,1700000000.0,United States,0.017932330827067668,36.800000000000004,Medium,Macro (10M - 100M),Low,57.64411027568922,0.034782608695652174,55.0
154,worldstar,78,11600.0,39200000.0,157400.0,0.23,84400.0,1800000000.0,United States,0.0040153061224489795,17.94,High,Macro (10M - 100M),Low,295.9183673469388,0.006724137931034483,56.0
155,natashawilona12,84,1200.0,39200000.0,486500.0,0.59,227700.0,563900000.0,Not Provided,0.012410714285714285,49.559999999999995,Low,Macro (10M - 100M),Low,30.612244897959183,0.07,43.0
156,mahi7781,58,100.0,39100000.0,4099999.9999999995,0.17,0.0,439400000.0,Not Provided,0.10485933503836316,9.860000000000001,Low,Macro (10M - 100M),Low,2.557544757033248,0.58,44.0
157,georginagio,74,730.0,39100000.0,2200000.0,8.56,3300000.0,1600000000.0,Not Provided,0.056265984654731455,633.44,Low,Macro (10M - 100M),High,18.67007672634271,0.10136986301369863,44.0
158,cznburak,80,1800.0,39000000.0,815800.0,1.01,383300.0,1400000000.0,Not Provided,0.020917948717948717,80.8,Medium,Macro (10M - 100M),Medium,46.15384615384615,0.044444444444444446,45.0
159,chrissyteigen,79,5100.0,38900000.0,623100.0,0.43,162100.0,3200000000.0,United States,0.016017994858611825,33.97,High,Macro (10M - 100M),Low,131.10539845758353,0.015490196078431372,57.0
160,ruben_onsu,75,13400.0,38800000.0,139300.0,0.13,49100.0,1900000000.0,Indonesia,0.0035902061855670104,9.75,High,Macro (10M - 100M),Low,345.36082474226805,0.005597014925373134,5.0
161,wizkhalifa,80,500.0,38700000.0,398700.0,0.31,115700.0,199800000.0,United States,0.01030232558139535,24.8,Low,Macro (10M - 100M),Low,12.919896640826874,0.16,58.0
162,hm,83,7300.0,38500000.0,88400.0,0.06,22400.0,644100000.0,Sweden,0.0022961038961038962,4.9799999999999995,High,Macro (10M - 100M),Low,189.6103896103896,0.01136986301369863,1.0
163,anushkasen0408,85,5300.0,38300000.0,695400.0,1.75,658300.0,3700000000.0,Not Provided,0.018156657963446475,148.75,High,Macro (10M - 100M),Medium,138.38120104438644,0.016037735849056604,46.0
164,prattprattpratt,84,730.0,38300000.0,813500.0,1.0,363800.0,594700000.0,Not Provided,0.021240208877284596,84.0,Low,Macro (10M - 100M),Medium,19.06005221932115,0.11506849315068493,46.0
165,marvelstudios,83,2700.0,38100000.0,594200.0,1.58,555900.0,1600000000.0,Not Provided,0.015595800524934382,131.14000000000001,Medium,Macro (10M - 100M),Medium,70.86614173228347,0.030740740740740742,47.0
166,wesleysafadao,80,8900.0,37400000.0,256100.00000000003,0.02,0.0,2300000000.0,Not Provided,0.0068475935828877016,1.6,High,Macro (10M - 100M),Low,237.96791443850267,0.008988764044943821,48.0
167,parineetichopra,84,1300.0,37400000.0,505700.0,0.68,246900.0,672100000.0,Not Provided,0.013521390374331551,57.120000000000005,Medium,Macro (10M - 100M),Low,34.75935828877005,0.06461538461538462,48.0
168,rkive,83,110.0,37000000.0,10900000.0,,0.0,1200000000.0,Not Provided,0.2945945945945946,,Low,Macro (10M - 100M),Low,2.9729729729729732,0.7545454545454545,49.0
169,laudyacynthiabella,76,380.0,36900000.0,172800.0,0.12,43400.0,66700000.0,Indonesia,0.0046829268292682925,9.12,Low,Macro (10M - 100M),Low,10.29810298102981,0.2,6.0
170,antogriezmann,83,870.0,36500000.0,1100000.0,0.57,203600.0,955400000.0,France,0.030136986301369864,47.309999999999995,Low,Macro (10M - 100M),Low,23.835616438356166,0.09540229885057472,4.0
171,gisel_la,85,9900.0,36500000.0,150500.0,0.1,33400.0,1500000000.0,Not Provided,0.004123287671232876,8.5,High,Macro (10M - 100M),Low,271.23287671232873,0.008585858585858586,50.0
172,eminem,84,660.0,36400000.0,1100000.0,2.69,962700.0,730100000.0,United States,0.03021978021978022,225.96,Low,Macro (10M - 100M),Medium,18.13186813186813,0.12727272727272726,59.0
173,mercedesbenz,77,10000.0,36000000.0,197900.0,0.18,64599.99999999999,2000000000.0,British Virgin Islands,0.005497222222222222,13.86,High,Macro (10M - 100M),Low,277.77777777777777,0.0077,1.0
174,colesprouse,81,1200.0,35900000.0,2200000.0,2.34,834500.0,2600000000.0,Not Provided,0.06128133704735376,189.54,Low,Macro (10M - 100M),Medium,33.42618384401114,0.0675,51.0
175,nattinatasha,47,30.0,35900000.0,518100.0,0.8,285900.0,18700000.0,Czech Republic,0.01443175487465181,37.6,Low,Macro (10M - 100M),Low,0.8356545961002786,1.5666666666666667,1.0
176,shahidkapoor,82,1100.0,35600000.0,1300000.0,2.54,780000.0,1500000000.0,Not Provided,0.03651685393258427,208.28,Low,Macro (10M - 100M),Medium,30.89887640449438,0.07454545454545454,52.0
177,tigerjackieshroff,83,2100.0,35600000.0,1100000.0,1.2,422900.0,2200000000.0,India,0.03089887640449438,99.6,Medium,Macro (10M - 100M),Medium,58.98876404494382,0.039523809523809524,11.0
178,kimberly.loaiza,78,590.0,35500000.0,2600000.0,5.23,1800000.0,1600000000.0,Mexico,0.07323943661971831,407.94000000000005,Low,Macro (10M - 100M),High,16.619718309859156,0.13220338983050847,1.0
179,barackobama,81,660.0,35400000.0,1100000.0,1.19,411500.0,739500000.0,United States,0.031073446327683617,96.39,Low,Macro (10M - 100M),Medium,18.64406779661017,0.12272727272727273,60.0
180,sachintendulkar,76,1000.0,35300000.0,800400.0,2.03,664500.0,810000000.0,Not Provided,0.022674220963172804,154.27999999999997,Low,Macro (10M - 100M),Medium,28.328611898016998,0.076,53.0
181,simonemendes,72,4400.0,35000000.0,420000.0,0.65,222900.0,1900000000.0,Brazil,0.012,46.800000000000004,High,Macro (10M - 100M),Low,125.71428571428572,0.016363636363636365,11.0
182,ivetesangalo,84,7600.0,34800000.0,226400.0,0.36,121100.0,1700000000.0,Brazil,0.006505747126436781,30.24,High,Macro (10M - 100M),Low,218.39080459770116,0.011052631578947368,12.0
183,lunamaya,83,4100.0,34800000.0,145400.0,0.17,58600.0,589600000.0,Not Provided,0.00417816091954023,14.110000000000001,High,Macro (10M - 100M),Low,117.816091954023,0.02024390243902439,54.0
184,toni.kr8s,83,940.0,34700000.0,597200.0,1.68,533500.0,561300000.0,Not Provided,0.017210374639769453,139.44,Low,Macro (10M - 100M),Medium,27.089337175792505,0.08829787234042553,55.0
185,dannapaola,68,1900.0,34700000.0,1500000.0,3.49,1200000.0,2800000000.0,Mexico,0.043227665706051875,237.32000000000002,Medium,Macro (10M - 100M),High,54.7550432276657,0.035789473684210524,2.0
186,paollaoliveirareal,84,4600.0,34700000.0,367800.0,0.57,192300.0,1700000000.0,Not Provided,0.010599423631123919,47.879999999999995,High,Macro (10M - 100M),Low,132.56484149855908,0.018260869565217393,55.0
187,blakelively,80,110.0,34600000.0,3100000.0,0.02,0.0,350900000.0,United States,0.08959537572254335,1.6,Low,Macro (10M - 100M),Low,3.179190751445087,0.7272727272727273,61.0
188,adidasoriginals,83,150.0,34200000.0,136200.0,0.2,66800.0,21200000.0,Not Provided,0.003982456140350877,16.6,Low,Macro (10M - 100M),Low,4.385964912280701,0.5533333333333333,56.0
189,disney,77,7300.0,34200000.0,185200.0,0.44,132000.0,1400000000.0,United States,0.005415204678362573,33.88,High,Macro (10M - 100M),Low,213.4502923976608,0.010547945205479452,62.0
190,shaymitchell,83,6300.0,34100000.0,732400.0,0.73,247500.0,4600000000.0,United States,0.02147800586510264,60.589999999999996,High,Macro (10M - 100M),Low,184.7507331378299,0.013174603174603174,63.0
191,bmw,79,9300.0,33700000.0,231300.0,0.23,76500.0,2200000000.0,Germany,0.006863501483679525,18.17,High,Macro (10M - 100M),Low,275.96439169139467,0.00849462365591398,1.0
192,danbilzerian,84,1400.0,33600000.0,2000000.0,3.58,1200000.0,2800000000.0,Canada,0.05952380952380952,300.72,Medium,Macro (10M - 100M),High,41.666666666666664,0.06,3.0
193,khabib_nurmagomedov,63,4500.0,33500000.0,685100.0,0.67,220700.0,3100000000.0,Russia,0.020450746268656717,42.21,High,Macro (10M - 100M),Low,134.32835820895522,0.014,1.0
194,zidane,41,370.0,33500000.0,1100000.0,1.61,532700.0,391900000.0,France,0.03283582089552239,66.01,Low,Macro (10M - 100M),Medium,11.044776119402984,0.11081081081081082,5.0
195,sonamkapoor,75,4800.0,33299999.999999996,264700.0,0.63,209200.0,1300000000.0,India,0.00794894894894895,47.25,High,Macro (10M - 100M),Low,144.14414414414415,0.015625,12.0
196,iambeckyg,71,2300.0,33200000.000000004,623800.0,1.4,464700.0,1400000000.0,United States,0.018789156626506022,99.39999999999999,Medium,Macro (10M - 100M),Medium,69.27710843373492,0.030869565217391304,64.0
197,nancyajram,81,3800.0,33200000.000000004,390400.0,0.64,208000.0,1500000000.0,France,0.011759036144578312,51.84,High,Macro (10M - 100M),Low,114.45783132530119,0.02131578947368421,6.0
198,luansantana,79,770.0,33200000.000000004,193300.0,0.26,82600.0,149200000.0,Brazil,0.005822289156626506,20.54,Low,Macro (10M - 100M),Low,23.192771084337345,0.1025974025974026,13.0
199,nickjonas,78,2300.0,33000000.0,719600.0,1.42,467700.0,1700000000.0,United States,0.021806060606060607,110.75999999999999,Medium,Macro (10M - 100M),Medium,69.6969696969697,0.03391304347826087,65.0
200,raisa6690,80,4200.0,32799999.999999996,232200.0,0.3,97400.0,969100000.0,Indonesia,0.007079268292682928,24.0,High,Macro (10M - 100M),Low,128.0487804878049,0.01904761904761905,7.0
